{
    "Set 1": {
        "attribute": "Classes",
        "value": "Bard",
        "spells": [
            "Vicious Mockery",
            "Dissonant Whispers",
            "Unearthly Chorus (UA)",
            "Compulsion"
        ]
    },
    "Set 2": {
        "attribute": "Range",
        "value": "Sight",
        "spells": [
            "Skywrite",
            "Mirage Arcane",
            "Tsunami",
            "Storm of Vengeance"
        ]
    },
    "Set 3": {
        "attribute": "Range",
        "value": "Self (10-foot radius)",
        "spells": [
            "Arms of Hadar",
            "Earth Tremor",
            "Antilife Shell",
            "Globe of Invulnerability"
        ]
    },
    "Set 4": {
        "attribute": "Classes",
        "value": "Druid, Wizard",
        "spells": [
            "Tidal Wave",
            "Conjure Minor Elementals",
            "Conjure Elemental",
            "Whirlwind"
        ]
    }
}